class,left_elbow,left_shoulder,left_hip,left_knee,right_elbow,right_shoulder,right_hip,right_knee
crown_thrust_correct,95.41746239008447,47.85584729771058,146.58603408581538,161.24010172640084,93.90399184999391,45.31013417385403,159.46552408313227,146.82742598345666
crown_thrust_correct,95.41746239008447,47.85584729771058,146.58603408581538,161.24010172640084,93.90399184999391,45.31013417385403,159.46552408313227,146.82742598345666
crown_thrust_correct,95.41746239008447,47.85584729771058,146.58603408581538,161.24010172640084,93.90399184999391,45.31013417385403,159.46552408313227,146.82742598345666
crown_thrust_correct,102.71949743681219,57.44304909990205,161.2971386123311,151.75362096385962,141.83220255073064,81.0960101804277,163.732658114066,168.754875749212
crown_thrust_correct,102.71949743681219,57.44304909990205,161.2971386123311,151.75362096385962,141.83220255073064,81.0960101804277,163.732658114066,168.754875749212
crown_thrust_correct,102.71949743681219,57.44304909990205,161.2971386123311,151.75362096385962,141.83220255073064,81.0960101804277,163.732658114066,168.754875749212
crown_thrust_correct,130.3214464779833,56.81244116751673,147.25251118483763,166.9286417722079,150.56312903173452,95.55165690161607,156.0834142195263,162.96014110534767
crown_thrust_correct,130.3214464779833,56.81244116751673,147.25251118483763,166.9286417722079,150.56312903173452,95.55165690161607,156.0834142195263,162.96014110534767
crown_thrust_correct,130.3214464779833,56.81244116751673,147.25251118483763,166.9286417722079,150.56312903173452,95.55165690161607,156.0834142195263,162.96014110534767
crown_thrust_correct,128.02972595583623,51.01347982474822,134.98207877492158,175.15857550541702,132.46016918030722,64.46303981448108,170.4057691291167,171.5325880760831
crown_thrust_correct,128.02972595583623,51.01347982474822,134.98207877492158,175.15857550541702,132.46016918030722,64.46303981448108,170.4057691291167,171.5325880760831
crown_thrust_correct,128.02972595583623,51.01347982474822,134.98207877492158,175.15857550541702,132.46016918030722,64.46303981448108,170.4057691291167,171.5325880760831
crown_thrust_correct,135.24071479262267,71.24190653027094,133.32793408344995,151.8009429454184,143.3014355161904,83.08391570927637,154.9713730739858,145.57731536198162
crown_thrust_correct,135.24071479262267,71.24190653027094,133.32793408344995,151.8009429454184,143.3014355161904,83.08391570927637,154.9713730739858,145.57731536198162
crown_thrust_correct,135.24071479262267,71.24190653027094,133.32793408344995,151.8009429454184,143.3014355161904,83.08391570927637,154.9713730739858,145.57731536198162
left_chest_thrust_correct,121.74827140588101,65.98260828071616,138.59804462162552,152.4838380123148,118.14609847631594,87.5786006588942,156.86997996778362,158.22088888635756
left_chest_thrust_correct,121.74827140588101,65.98260828071616,138.59804462162552,152.4838380123148,118.14609847631594,87.5786006588942,156.86997996778362,158.22088888635756
left_chest_thrust_correct,121.74827140588101,65.98260828071616,138.59804462162552,152.4838380123148,118.14609847631594,87.5786006588942,156.86997996778362,158.22088888635756
left_chest_thrust_correct,123.34073905706339,71.44821947706559,166.51726218517877,144.44476453780047,131.26190137832162,93.59454462067752,158.32517566761305,172.68332711735724
left_chest_thrust_correct,123.34073905706339,71.44821947706559,166.51726218517877,144.44476453780047,131.26190137832162,93.59454462067752,158.32517566761305,172.68332711735724
left_chest_thrust_correct,123.34073905706339,71.44821947706559,166.51726218517877,144.44476453780047,131.26190137832162,93.59454462067752,158.32517566761305,172.68332711735724
left_chest_thrust_correct,86.05164501275368,63.43751583314039,149.1074685939273,154.0821945468827,123.30823929393844,107.70400478333985,160.44045821823204,157.8702738543991
left_chest_thrust_correct,86.05164501275368,63.43751583314039,149.1074685939273,154.0821945468827,123.30823929393844,107.70400478333985,160.44045821823204,157.8702738543991
left_chest_thrust_correct,86.05164501275368,63.43751583314039,149.1074685939273,154.0821945468827,123.30823929393844,107.70400478333985,160.44045821823204,157.8702738543991
left_chest_thrust_correct,143.77940563278094,87.7279487436029,150.622946114926,177.62809351506561,133.34595747084114,101.6327545991301,148.44621825587356,168.7594576967278
left_chest_thrust_correct,143.77940563278094,87.7279487436029,150.622946114926,177.62809351506561,133.34595747084114,101.6327545991301,148.44621825587356,168.7594576967278
left_chest_thrust_correct,143.77940563278094,87.7279487436029,150.622946114926,177.62809351506561,133.34595747084114,101.6327545991301,148.44621825587356,168.7594576967278
left_chest_thrust_correct,109.46213630626424,74.60699818436568,135.63612921091175,151.10754920812423,122.81516204194442,99.19323001176248,150.15181247076382,139.80067849194538
left_chest_thrust_correct,109.46213630626424,74.60699818436568,135.63612921091175,151.10754920812423,122.81516204194442,99.19323001176248,150.15181247076382,139.80067849194538
left_chest_thrust_correct,109.46213630626424,74.60699818436568,135.63612921091175,151.10754920812423,122.81516204194442,99.19323001176248,150.15181247076382,139.80067849194538
left_chest_thrust_correct,127.38820052162227,73.31380153711741,160.0118157899976,155.0612543844561,139.50816866026923,99.97506356850472,152.66686380458486,164.3168601634661
left_chest_thrust_correct,127.38820052162227,73.31380153711741,160.0118157899976,155.0612543844561,139.50816866026923,99.97506356850472,152.66686380458486,164.3168601634661
left_chest_thrust_correct,127.38820052162227,73.31380153711741,160.0118157899976,155.0612543844561,139.50816866026923,99.97506356850472,152.66686380458486,164.3168601634661
left_elbow_block_correct,112.15354623301259,40.25754795189214,162.83109474900613,147.45282966919743,125.33642748284139,52.932639427269926,163.72620959114292,170.35677810346746
left_elbow_block_correct,112.15354623301259,40.25754795189214,162.83109474900613,147.45282966919743,125.33642748284139,52.932639427269926,163.72620959114292,170.35677810346746
left_elbow_block_correct,112.15354623301259,40.25754795189214,162.83109474900613,147.45282966919743,125.33642748284139,52.932639427269926,163.72620959114292,170.35677810346746
left_elbow_block_correct,113.11183459125975,19.979829728545884,164.23508499486726,154.43592367015756,136.70870603867328,35.0192483291264,168.11943539157014,141.3202374812955
left_elbow_block_correct,113.11183459125975,19.979829728545884,164.23508499486726,154.43592367015756,136.70870603867328,35.0192483291264,168.11943539157014,141.3202374812955
left_elbow_block_correct,113.11183459125975,19.979829728545884,164.23508499486726,154.43592367015756,136.70870603867328,35.0192483291264,168.11943539157014,141.3202374812955
left_elbow_block_correct,136.90055285909472,49.56798787023903,154.40025999094905,144.20610600874812,154.28952212471887,79.56225922428604,134.16927097256888,155.9598558616765
left_elbow_block_correct,136.90055285909472,49.56798787023903,154.40025999094905,144.20610600874812,154.28952212471887,79.56225922428604,134.16927097256888,155.9598558616765
left_elbow_block_correct,136.90055285909472,49.56798787023903,154.40025999094905,144.20610600874812,154.28952212471887,79.56225922428604,134.16927097256888,155.9598558616765
left_elbow_block_correct,142.9318947737985,49.79271101100296,141.9313206722506,173.96106658870443,93.16900161866667,72.5750884142887,178.93047778157347,167.03996393925132
left_elbow_block_correct,142.9318947737985,49.79271101100296,141.9313206722506,173.96106658870443,93.16900161866667,72.5750884142887,178.93047778157347,167.03996393925132
left_elbow_block_correct,142.9318947737985,49.79271101100296,141.9313206722506,173.96106658870443,93.16900161866667,72.5750884142887,178.93047778157347,167.03996393925132
left_elbow_block_correct,110.03932246633882,56.95582569592825,168.06972741281763,146.04570960294384,141.0843511565754,68.74461012723049,138.94976043562642,156.0452556184983
left_elbow_block_correct,110.03932246633882,56.95582569592825,168.06972741281763,146.04570960294384,141.0843511565754,68.74461012723049,138.94976043562642,156.0452556184983
left_elbow_block_correct,110.03932246633882,56.95582569592825,168.06972741281763,146.04570960294384,141.0843511565754,68.74461012723049,138.94976043562642,156.0452556184983
left_elbow_block_correct,119.78992876468753,34.15053926139561,144.3112670121588,149.07782875466654,137.31351582034074,39.414504218187844,152.89998191425536,146.43880545290898
left_elbow_block_correct,119.78992876468753,34.15053926139561,144.3112670121588,149.07782875466654,137.31351582034074,39.414504218187844,152.89998191425536,146.43880545290898
left_elbow_block_correct,119.78992876468753,34.15053926139561,144.3112670121588,149.07782875466654,137.31351582034074,39.414504218187844,152.89998191425536,146.43880545290898
left_eye_thrust_correct,117.29240546071925,65.21796187900472,154.32837742307836,164.41473947089108,139.43839450733802,96.7142233956485,159.91945684647024,147.14247863776575
left_eye_thrust_correct,117.29240546071925,65.21796187900472,154.32837742307836,164.41473947089108,139.43839450733802,96.7142233956485,159.91945684647024,147.14247863776575
left_eye_thrust_correct,117.29240546071925,65.21796187900472,154.32837742307836,164.41473947089108,139.43839450733802,96.7142233956485,159.91945684647024,147.14247863776575
left_eye_thrust_correct,116.3989779856234,62.08505262249406,164.24519865600212,147.55602092444377,120.77771739303735,90.28538464200331,163.59289266221015,172.39974692855716
left_eye_thrust_correct,116.3989779856234,62.08505262249406,164.24519865600212,147.55602092444377,120.77771739303735,90.28538464200331,163.59289266221015,172.39974692855716
left_eye_thrust_correct,116.3989779856234,62.08505262249406,164.24519865600212,147.55602092444377,120.77771739303735,90.28538464200331,163.59289266221015,172.39974692855716
left_eye_thrust_correct,78.84122185901451,67.25974208151074,146.69537048160663,162.7619461388358,138.0763328003259,125.37698061701963,167.3949819478238,158.47835975729873
left_eye_thrust_correct,78.84122185901451,67.25974208151074,146.69537048160663,162.7619461388358,138.0763328003259,125.37698061701963,167.3949819478238,158.47835975729873
left_eye_thrust_correct,78.84122185901451,67.25974208151074,146.69537048160663,162.7619461388358,138.0763328003259,125.37698061701963,167.3949819478238,158.47835975729873
left_eye_thrust_correct,133.21150721010602,68.60048886421829,141.174139685857,177.21010171739022,100.54175781638259,79.83354050337104,172.70446143855966,167.96240509825466
left_eye_thrust_correct,133.21150721010602,68.60048886421829,141.174139685857,177.21010171739022,100.54175781638259,79.83354050337104,172.70446143855966,167.96240509825466
left_eye_thrust_correct,133.21150721010602,68.60048886421829,141.174139685857,177.21010171739022,100.54175781638259,79.83354050337104,172.70446143855966,167.96240509825466
left_eye_thrust_correct,114.06454725565227,85.32121171945974,131.0457919148264,149.55320641413851,130.7824130784475,105.57935666947945,149.03345976358443,141.40068386585642
left_eye_thrust_correct,114.06454725565227,85.32121171945974,131.0457919148264,149.55320641413851,130.7824130784475,105.57935666947945,149.03345976358443,141.40068386585642
left_eye_thrust_correct,114.06454725565227,85.32121171945974,131.0457919148264,149.55320641413851,130.7824130784475,105.57935666947945,149.03345976358443,141.40068386585642
left_eye_thrust_correct,130.5302441863492,73.57291612282329,156.77147153256854,159.35880948766712,143.2232778676597,100.97002738151711,145.17252641780772,167.4627376920743
left_eye_thrust_correct,130.5302441863492,73.57291612282329,156.77147153256854,159.35880948766712,143.2232778676597,100.97002738151711,145.17252641780772,167.4627376920743
left_eye_thrust_correct,130.5302441863492,73.57291612282329,156.77147153256854,159.35880948766712,143.2232778676597,100.97002738151711,145.17252641780772,167.4627376920743
left_knee_block_correct,102.43465895516346,42.516947336519955,145.90636566353393,155.07829129130872,137.0462610826429,23.055244330140205,163.02639096725403,154.60470088704616
left_knee_block_correct,102.43465895516346,42.516947336519955,145.90636566353393,155.07829129130872,137.0462610826429,23.055244330140205,163.02639096725403,154.60470088704616
left_knee_block_correct,102.43465895516346,42.516947336519955,145.90636566353393,155.07829129130872,137.0462610826429,23.055244330140205,163.02639096725403,154.60470088704616
left_knee_block_correct,112.30427850366637,44.545197091735844,159.89192831556593,148.12722313781236,136.31101246624647,17.34730297538077,149.38122053482206,161.8668742008895
left_knee_block_correct,112.30427850366637,44.545197091735844,159.89192831556593,148.12722313781236,136.31101246624647,17.34730297538077,149.38122053482206,161.8668742008895
left_knee_block_correct,112.30427850366637,44.545197091735844,159.89192831556593,148.12722313781236,136.31101246624647,17.34730297538077,149.38122053482206,161.8668742008895
left_knee_block_correct,141.8778565313017,19.32890125057367,140.85859140397267,161.87125349256615,150.5596393341582,60.03982982842912,163.32537888085386,165.76221508532217
left_knee_block_correct,141.8778565313017,19.32890125057367,140.85859140397267,161.87125349256615,150.5596393341582,60.03982982842912,163.32537888085386,165.76221508532217
left_knee_block_correct,141.8778565313017,19.32890125057367,140.85859140397267,161.87125349256615,150.5596393341582,60.03982982842912,163.32537888085386,165.76221508532217
left_knee_block_correct,116.4426196271988,21.31912290887633,138.92656144257018,174.11343533437739,130.66228346641614,41.857360006869115,172.21071812040137,168.8929386908398
left_knee_block_correct,116.4426196271988,21.31912290887633,138.92656144257018,174.11343533437739,130.66228346641614,41.857360006869115,172.21071812040137,168.8929386908398
left_knee_block_correct,116.4426196271988,21.31912290887633,138.92656144257018,174.11343533437739,130.66228346641614,41.857360006869115,172.21071812040137,168.8929386908398
left_knee_block_correct,115.31522289767898,59.81218688460449,129.97857839413373,154.31704479324145,147.3842190949932,59.766004930435294,151.99750081057022,144.0783576825379
left_knee_block_correct,115.31522289767898,59.81218688460449,129.97857839413373,154.31704479324145,147.3842190949932,59.766004930435294,151.99750081057022,144.0783576825379
left_knee_block_correct,115.31522289767898,59.81218688460449,129.97857839413373,154.31704479324145,147.3842190949932,59.766004930435294,151.99750081057022,144.0783576825379
left_knee_block_correct,107.30628304927001,29.34826736713069,140.92524508822035,158.1186882928722,137.82648491902307,34.97171940426583,153.5208891209365,147.52138131520715
left_knee_block_correct,107.30628304927001,29.34826736713069,140.92524508822035,158.1186882928722,137.82648491902307,34.97171940426583,153.5208891209365,147.52138131520715
left_knee_block_correct,107.30628304927001,29.34826736713069,140.92524508822035,158.1186882928722,137.82648491902307,34.97171940426583,153.5208891209365,147.52138131520715
left_temple_block_correct,102.21033946160335,48.913320974417275,167.12142086512847,151.25098978919016,102.78466648180964,33.730785086036626,163.00857399734224,169.9194401893138
left_temple_block_correct,102.21033946160335,48.913320974417275,167.12142086512847,151.25098978919016,102.78466648180964,33.730785086036626,163.00857399734224,169.9194401893138
left_temple_block_correct,102.21033946160335,48.913320974417275,167.12142086512847,151.25098978919016,102.78466648180964,33.730785086036626,163.00857399734224,169.9194401893138
left_temple_block_correct,113.08627414925819,50.115956317699165,158.69396594291368,155.61019456299923,146.46972048408568,74.73670923473415,163.36891264302182,162.18891417877222
left_temple_block_correct,113.08627414925819,50.115956317699165,158.69396594291368,155.61019456299923,146.46972048408568,74.73670923473415,163.36891264302182,162.18891417877222
left_temple_block_correct,113.08627414925819,50.115956317699165,158.69396594291368,155.61019456299923,146.46972048408568,74.73670923473415,163.36891264302182,162.18891417877222
left_temple_block_correct,155.13651472421918,88.7558801666531,157.86806972955134,160.84236146987197,151.16798079431328,92.47816897441525,127.27830415258676,151.1212742798866
left_temple_block_correct,155.13651472421918,88.7558801666531,157.86806972955134,160.84236146987197,151.16798079431328,92.47816897441525,127.27830415258676,151.1212742798866
left_temple_block_correct,155.13651472421918,88.7558801666531,157.86806972955134,160.84236146987197,151.16798079431328,92.47816897441525,127.27830415258676,151.1212742798866
left_temple_block_correct,119.55361054074933,44.41970638091271,153.59240715585025,174.1387482875902,124.59495706659376,60.264512592296704,148.257686832076,159.71466943738284
left_temple_block_correct,119.55361054074933,44.41970638091271,153.59240715585025,174.1387482875902,124.59495706659376,60.264512592296704,148.257686832076,159.71466943738284
left_temple_block_correct,119.55361054074933,44.41970638091271,153.59240715585025,174.1387482875902,124.59495706659376,60.264512592296704,148.257686832076,159.71466943738284
left_temple_block_correct,129.94398099323283,84.6922888040173,164.3503957037311,149.07049985448876,146.55087208799446,88.60420338367764,140.05153110824878,149.54772941443164
left_temple_block_correct,129.94398099323283,84.6922888040173,164.3503957037311,149.07049985448876,146.55087208799446,88.60420338367764,140.05153110824878,149.54772941443164
left_temple_block_correct,129.94398099323283,84.6922888040173,164.3503957037311,149.07049985448876,146.55087208799446,88.60420338367764,140.05153110824878,149.54772941443164
left_temple_block_correct,119.5655378562887,53.43525457130289,151.89108111566827,151.79300136949735,125.14905961539924,69.51459135359883,155.50841853176843,152.50170151251598
left_temple_block_correct,119.5655378562887,53.43525457130289,151.89108111566827,151.79300136949735,125.14905961539924,69.51459135359883,155.50841853176843,152.50170151251598
left_temple_block_correct,119.5655378562887,53.43525457130289,151.89108111566827,151.79300136949735,125.14905961539924,69.51459135359883,155.50841853176843,152.50170151251598
right_chest_thrust_correct,111.96196197440548,34.555341402932534,164.69222293235737,138.51164646544925,115.97592876558048,60.37238700862262,141.39744500952622,151.64851869976687
right_chest_thrust_correct,111.96196197440548,34.555341402932534,164.69222293235737,138.51164646544925,115.97592876558048,60.37238700862262,141.39744500952622,151.64851869976687
right_chest_thrust_correct,111.96196197440548,34.555341402932534,164.69222293235737,138.51164646544925,115.97592876558048,60.37238700862262,141.39744500952622,151.64851869976687
right_chest_thrust_correct,104.20801426202388,55.7112743532017,160.79781794127686,156.3764652487469,120.40937171245479,76.24531897077178,166.70052207938414,152.6691783926192
right_chest_thrust_correct,104.20801426202388,55.7112743532017,160.79781794127686,156.3764652487469,120.40937171245479,76.24531897077178,166.70052207938414,152.6691783926192
right_chest_thrust_correct,104.20801426202388,55.7112743532017,160.79781794127686,156.3764652487469,120.40937171245479,76.24531897077178,166.70052207938414,152.6691783926192
right_chest_thrust_correct,114.47815794997666,66.70251631311226,149.51052011738804,172.58518111469738,114.6193425459069,78.26220265365326,128.8264075005672,147.3275476685274
right_chest_thrust_correct,114.47815794997666,66.70251631311226,149.51052011738804,172.58518111469738,114.6193425459069,78.26220265365326,128.8264075005672,147.3275476685274
right_chest_thrust_correct,114.47815794997666,66.70251631311226,149.51052011738804,172.58518111469738,114.6193425459069,78.26220265365326,128.8264075005672,147.3275476685274
right_chest_thrust_correct,86.97567100051775,48.974996498341525,167.89131489494082,148.57623979376322,121.10938070668692,74.94469077640208,130.25259311890224,156.18416646866459
right_chest_thrust_correct,86.97567100051775,48.974996498341525,167.89131489494082,148.57623979376322,121.10938070668692,74.94469077640208,130.25259311890224,156.18416646866459
right_chest_thrust_correct,86.97567100051775,48.974996498341525,167.89131489494082,148.57623979376322,121.10938070668692,74.94469077640208,130.25259311890224,156.18416646866459
right_chest_thrust_correct,97.746755908058,42.290062259214785,148.9740845439766,158.3296713739494,108.63064914160394,74.00490899083043,158.5349554239567,149.0992069084088
right_chest_thrust_correct,97.746755908058,42.290062259214785,148.9740845439766,158.3296713739494,108.63064914160394,74.00490899083043,158.5349554239567,149.0992069084088
right_chest_thrust_correct,97.746755908058,42.290062259214785,148.9740845439766,158.3296713739494,108.63064914160394,74.00490899083043,158.5349554239567,149.0992069084088
right_elbow_block_correct,102.82334466587774,45.94780156297394,154.51848643862434,163.68544266665558,144.35936440250507,24.48591905601916,163.6566369807282,147.07726393998823
right_elbow_block_correct,102.82334466587774,45.94780156297394,154.51848643862434,163.68544266665558,144.35936440250507,24.48591905601916,163.6566369807282,147.07726393998823
right_elbow_block_correct,102.82334466587774,45.94780156297394,154.51848643862434,163.68544266665558,144.35936440250507,24.48591905601916,163.6566369807282,147.07726393998823
right_elbow_block_correct,133.85618298448256,59.64656402956533,162.44492921218304,145.51243479998067,148.33703571621888,60.15323111657965,165.6876850724905,170.87539577426773
right_elbow_block_correct,133.85618298448256,59.64656402956533,162.44492921218304,145.51243479998067,148.33703571621888,60.15323111657965,165.6876850724905,170.87539577426773
right_elbow_block_correct,133.85618298448256,59.64656402956533,162.44492921218304,145.51243479998067,148.33703571621888,60.15323111657965,165.6876850724905,170.87539577426773
right_elbow_block_correct,152.16474403927515,44.6621269187325,147.75197107000577,169.08702480483308,151.47928184192287,105.80957848646018,164.83861696445337,156.91580623489133
right_elbow_block_correct,152.16474403927515,44.6621269187325,147.75197107000577,169.08702480483308,151.47928184192287,105.80957848646018,164.83861696445337,156.91580623489133
right_elbow_block_correct,151.31473652887686,53.517926111062685,155.90167210984157,139.18627342888502,164.3766348986948,59.09987779392834,119.123732133894,139.54097827309118
right_elbow_block_correct,151.31473652887686,53.517926111062685,155.90167210984157,139.18627342888502,164.3766348986948,59.09987779392834,119.123732133894,139.54097827309118
right_elbow_block_correct,152.16474403927515,44.6621269187325,147.75197107000577,169.08702480483308,151.47928184192287,105.80957848646018,164.83861696445337,156.91580623489133
right_elbow_block_correct,151.31473652887686,53.517926111062685,155.90167210984157,139.18627342888502,164.3766348986948,59.09987779392834,119.123732133894,139.54097827309118
right_elbow_block_correct,105.84713041604059,61.4835933885126,133.6797726435443,157.39137527725228,140.3232935426062,79.26366580182572,159.4683528503478,144.83867163662208
right_elbow_block_correct,105.84713041604059,61.4835933885126,133.6797726435443,157.39137527725228,140.3232935426062,79.26366580182572,159.4683528503478,144.83867163662208
right_elbow_block_correct,105.84713041604059,61.4835933885126,133.6797726435443,157.39137527725228,140.3232935426062,79.26366580182572,159.4683528503478,144.83867163662208
right_elbow_block_correct,150.1914468176926,50.15538861230409,140.29803694357923,152.23949434884054,141.44551318718743,57.9317541789552,154.26366902871888,152.83455500523107
right_elbow_block_correct,150.1914468176926,50.15538861230409,140.29803694357923,152.23949434884054,141.44551318718743,57.9317541789552,154.26366902871888,152.83455500523107
right_elbow_block_correct,150.1914468176926,50.15538861230409,140.29803694357923,152.23949434884054,141.44551318718743,57.9317541789552,154.26366902871888,152.83455500523107
right_eye_thrust_correct,102.69382550197584,41.47338585995375,163.12421595638367,144.83654278854112,105.47679776029487,75.78160017523156,141.4342217877221,152.29714850165925
right_eye_thrust_correct,102.69382550197584,41.47338585995375,163.12421595638367,144.83654278854112,105.47679776029487,75.78160017523156,141.4342217877221,152.29714850165925
right_eye_thrust_correct,102.69382550197584,41.47338585995375,163.12421595638367,144.83654278854112,105.47679776029487,75.78160017523156,141.4342217877221,152.29714850165925
right_eye_thrust_correct,106.44268273131765,26.238889067174423,168.88041703068495,158.89018536865177,117.41768906992675,79.90594761728465,164.40597368127007,158.97823786422975
right_eye_thrust_correct,106.44268273131765,26.238889067174423,168.88041703068495,158.89018536865177,117.41768906992675,79.90594761728465,164.40597368127007,158.97823786422975
right_eye_thrust_correct,106.44268273131765,26.238889067174423,168.88041703068495,158.89018536865177,117.41768906992675,79.90594761728465,164.40597368127007,158.97823786422975
right_eye_thrust_correct,116.91467956541388,93.4021788113927,159.59639428644618,156.47896025897316,130.9548836413965,95.00214637557961,125.53720338729781,149.9960403008683
right_eye_thrust_correct,116.91467956541388,93.4021788113927,159.59639428644618,156.47896025897316,130.9548836413965,95.00214637557961,125.53720338729781,149.9960403008683
right_eye_thrust_correct,116.91467956541388,93.4021788113927,159.59639428644618,156.47896025897316,130.9548836413965,95.00214637557961,125.53720338729781,149.9960403008683
right_eye_thrust_correct,143.0470683465727,95.92039282860803,153.139456849943,172.91864816165332,132.73331800754005,94.11742662184942,146.64272755400088,155.56850991828247
right_eye_thrust_correct,143.0470683465727,95.92039282860803,153.139456849943,172.91864816165332,132.73331800754005,94.11742662184942,146.64272755400088,155.56850991828247
right_eye_thrust_correct,143.0470683465727,95.92039282860803,153.139456849943,172.91864816165332,132.73331800754005,94.11742662184942,146.64272755400088,155.56850991828247
right_eye_thrust_correct,110.65551034145328,64.00433732727087,166.60824440285091,141.01218645340748,130.4131889839817,83.96033517891459,128.74878731747026,147.31465322412444
right_eye_thrust_correct,110.65551034145328,64.00433732727087,166.60824440285091,141.01218645340748,130.4131889839817,83.96033517891459,128.74878731747026,147.31465322412444
right_eye_thrust_correct,110.65551034145328,64.00433732727087,166.60824440285091,141.01218645340748,130.4131889839817,83.96033517891459,128.74878731747026,147.31465322412444
right_eye_thrust_correct,113.6854501182896,59.808799920711756,163.63248526667275,154.86285263157424,139.63180373867064,82.1381984230066,141.20521774297717,163.4472560739009
right_eye_thrust_correct,113.6854501182896,59.808799920711756,163.63248526667275,154.86285263157424,139.63180373867064,82.1381984230066,141.20521774297717,163.4472560739009
right_eye_thrust_correct,113.6854501182896,59.808799920711756,163.63248526667275,154.86285263157424,139.63180373867064,82.1381984230066,141.20521774297717,163.4472560739009
right_knee_block_correct,98.00828186341832,29.595792988723925,165.3380339299228,152.06675415198637,138.62094691341272,8.343648449034696,152.10115143087378,163.59673254453062
right_knee_block_correct,98.00828186341832,29.595792988723925,165.3380339299228,152.06675415198637,138.62094691341272,8.343648449034696,152.10115143087378,163.59673254453062
right_knee_block_correct,98.00828186341832,29.595792988723925,165.3380339299228,152.06675415198637,138.62094691341272,8.343648449034696,152.10115143087378,163.59673254453062
right_knee_block_correct,108.3928444474268,35.8098011217994,158.0727914345702,151.85417497436413,147.19179405666284,23.621799425913593,158.9003601636652,135.30237815525044
right_knee_block_correct,108.3928444474268,35.8098011217994,158.0727914345702,151.85417497436413,147.19179405666284,23.621799425913593,158.9003601636652,135.30237815525044
right_knee_block_correct,108.3928444474268,35.8098011217994,158.0727914345702,151.85417497436413,147.19179405666284,23.621799425913593,158.9003601636652,135.30237815525044
right_knee_block_correct,148.87527658235942,32.685513281136856,155.30661241880804,153.48801337920364,156.98756346406967,52.24104889697365,121.7871063207689,137.6406259576076
right_knee_block_correct,148.87527658235942,32.685513281136856,155.30661241880804,153.48801337920364,156.98756346406967,52.24104889697365,121.7871063207689,137.6406259576076
right_knee_block_correct,148.87527658235942,32.685513281136856,155.30661241880804,153.48801337920364,156.98756346406967,52.24104889697365,121.7871063207689,137.6406259576076
right_knee_block_correct,117.03156810651839,8.810362769289805,155.4724625303811,167.51370360589598,141.76279663806955,23.266877203820677,140.361544527202,148.95296111225662
right_knee_block_correct,117.03156810651839,8.810362769289805,155.4724625303811,167.51370360589598,141.76279663806955,23.266877203820677,140.361544527202,148.95296111225662
right_knee_block_correct,117.03156810651839,8.810362769289805,155.4724625303811,167.51370360589598,141.76279663806955,23.266877203820677,140.361544527202,148.95296111225662
right_knee_block_correct,139.05983779529464,53.50960165525664,163.5367828210629,149.59429772011893,146.02081950254754,30.494782765024063,128.47666482690354,144.76492889935471
right_knee_block_correct,139.05983779529464,53.50960165525664,163.5367828210629,149.59429772011893,146.02081950254754,30.494782765024063,128.47666482690354,144.76492889935471
right_knee_block_correct,139.05983779529464,53.50960165525664,163.5367828210629,149.59429772011893,146.02081950254754,30.494782765024063,128.47666482690354,144.76492889935471
right_knee_block_correct,131.19995427078064,38.55206585411377,161.83491832835844,152.7301100539947,140.612098625819,31.217945941361886,142.98784912616009,153.14413838664092
right_knee_block_correct,131.19995427078064,38.55206585411377,161.83491832835844,152.7301100539947,140.612098625819,31.217945941361886,142.98784912616009,153.14413838664092
right_knee_block_correct,131.19995427078064,38.55206585411377,161.83491832835844,152.7301100539947,140.612098625819,31.217945941361886,142.98784912616009,153.14413838664092
right_temple_block_correct,115.50654439662748,52.62554623701831,152.10661907984493,158.7131689860697,148.29910704237372,94.5859991134462,164.59115813931285,151.09455343088388
right_temple_block_correct,115.50654439662748,52.62554623701831,152.10661907984493,158.7131689860697,148.29910704237372,94.5859991134462,164.59115813931285,151.09455343088388
right_temple_block_correct,115.50654439662748,52.62554623701831,152.10661907984493,158.7131689860697,148.29910704237372,94.5859991134462,164.59115813931285,151.09455343088388
right_temple_block_correct,121.40591535602339,56.74345840545523,158.32174800073813,148.73441505813193,130.3821673826115,55.84917726371674,162.01820754767434,166.82909909813426
right_temple_block_correct,121.40591535602339,56.74345840545523,158.32174800073813,148.73441505813193,130.3821673826115,55.84917726371674,162.01820754767434,166.82909909813426
right_temple_block_correct,121.40591535602339,56.74345840545523,158.32174800073813,148.73441505813193,130.3821673826115,55.84917726371674,162.01820754767434,166.82909909813426
right_temple_block_correct,158.1826541833382,63.690732696276,154.54020571256447,172.4205812343442,155.1890474987502,110.63001881623958,165.3771133039389,161.2409278875363
right_temple_block_correct,158.1826541833382,63.690732696276,154.54020571256447,172.4205812343442,155.1890474987502,110.63001881623958,165.3771133039389,161.2409278875363
right_temple_block_correct,158.1826541833382,63.690732696276,154.54020571256447,172.4205812343442,155.1890474987502,110.63001881623958,165.3771133039389,161.2409278875363
right_temple_block_correct,135.45199418575822,55.681047994857884,151.01180613453505,177.64720259034104,131.93656247031802,62.25455800445528,147.22034434767346,159.2059982024671
right_temple_block_correct,135.45199418575822,55.681047994857884,151.01180613453505,177.64720259034104,131.93656247031802,62.25455800445528,147.22034434767346,159.2059982024671
right_temple_block_correct,135.45199418575822,55.681047994857884,151.01180613453505,177.64720259034104,131.93656247031802,62.25455800445528,147.22034434767346,159.2059982024671
right_temple_block_correct,100.24612776122378,60.675096828151645,135.3689682780901,156.07505900840587,137.44400930430382,87.31233407055366,156.68788503080103,148.71004712528313
right_temple_block_correct,100.24612776122378,60.675096828151645,135.3689682780901,156.07505900840587,137.44400930430382,87.31233407055366,156.68788503080103,148.71004712528313
right_temple_block_correct,100.24612776122378,60.675096828151645,135.3689682780901,156.07505900840587,137.44400930430382,87.31233407055366,156.68788503080103,148.71004712528313
right_temple_block_correct,97.78056441475479,61.79865071819023,166.71240645518915,144.4169987846068,140.98936999554792,87.50792323848123,159.1905250494472,170.8405961923357
right_temple_block_correct,97.78056441475479,61.79865071819023,166.71240645518915,144.4169987846068,140.98936999554792,87.50792323848123,159.1905250494472,170.8405961923357
right_temple_block_correct,97.78056441475479,61.79865071819023,166.71240645518915,144.4169987846068,140.98936999554792,87.50792323848123,159.1905250494472,170.8405961923357
solar_plexus_thrust_correct,106.39854796627051,36.30070518801954,155.61670149844676,150.50880266064885,142.6133118326766,15.193232090837443,139.68371008648296,161.0320615399056
solar_plexus_thrust_correct,106.39854796627051,36.30070518801954,155.61670149844676,150.50880266064885,142.6133118326766,15.193232090837443,139.68371008648296,161.0320615399056
solar_plexus_thrust_correct,106.39854796627051,36.30070518801954,155.61670149844676,150.50880266064885,142.6133118326766,15.193232090837443,139.68371008648296,161.0320615399056
solar_plexus_thrust_correct,108.41797967467092,39.23570314188636,157.31966972742066,154.11708773971134,137.84103277520572,12.7259587322432,164.16030939502372,146.7826289324466
solar_plexus_thrust_correct,108.41797967467092,39.23570314188636,157.31966972742066,154.11708773971134,137.84103277520572,12.7259587322432,164.16030939502372,146.7826289324466
solar_plexus_thrust_correct,108.41797967467092,39.23570314188636,157.31966972742066,154.11708773971134,137.84103277520572,12.7259587322432,164.16030939502372,146.7826289324466
solar_plexus_thrust_correct,143.22214412316094,57.64392184558364,164.43339897692059,148.9677882107681,149.60152021750503,42.18937328179652,125.13856987708914,144.93075622719556
solar_plexus_thrust_correct,143.22214412316094,57.64392184558364,164.43339897692059,148.9677882107681,149.60152021750503,42.18937328179652,125.13856987708914,144.93075622719556
solar_plexus_thrust_correct,143.22214412316094,57.64392184558364,164.43339897692059,148.9677882107681,149.60152021750503,42.18937328179652,125.13856987708914,144.93075622719556
solar_plexus_thrust_correct,123.92598337731961,47.80497990168909,149.17067147595574,156.28168834508602,137.6209796932077,48.1526378866561,149.9453924556905,150.5450758551241
solar_plexus_thrust_correct,123.92598337731961,47.80497990168909,149.17067147595574,156.28168834508602,137.6209796932077,48.1526378866561,149.9453924556905,150.5450758551241
solar_plexus_thrust_correct,123.92598337731961,47.80497990168909,149.17067147595574,156.28168834508602,137.6209796932077,48.1526378866561,149.9453924556905,150.5450758551241
